emb_id,category,variant_id,name,pattern,prior_note,target_note,voice,components,timing_ratio,anchor,is_default,alias,source_ms,notes,canntaireachd,cannt_short
Stable unique ID,"Doubling, movement, piobaireachd, etc.",Alternative with same pattern,Display name,"ABC text inside braces, without {}","preceeding  note, or * for any ","Host note, or * for any target","pipes, later drums","Played notes, comma-separated",One positive decimal per component,"1..N, later lead or trail",if variants,Optional alias,Reference only,Human explanation/review notes,Nether Lorn/Campbell written vocable(s); target mappings where contextual,Pronunciation-oriented short/sung form
grace_a,grace_note,,High A (thumb) gracenote,a,*,*,pipes,a,1.0,1,1,tg,25,Contextual wildcard retained by decision. High-A grace is used when a transition involves High G; exclude target a. Exact Nether Lorn/Campbell vocable depends on melodic context.,contextual: High-A grace before/after High G,contextual
grace_g_G,grace_note,,High G gracenote on Low G,g,*,G,pipes,g,1.0,1,1,gg,25,Target-specific row for formal canntaireachd.,him,him / hum
grace_g_A,grace_note,,High G gracenote on Low A,g,*,A,pipes,g,1.0,1,1,gg,25,Target-specific row for formal canntaireachd.,hin,hin / hun
grace_g_B,grace_note,,High G gracenote on B,g,*,B,pipes,g,1.0,1,1,gg,25,Target-specific row for formal canntaireachd.,hio,hyo
grace_g_c,grace_note,,High G gracenote on C,g,*,c,pipes,g,1.0,1,1,gg,25,Target-specific row for formal canntaireachd.,ho,hoh
grace_g_d,grace_note,,High G gracenote on D,g,*,d,pipes,g,1.0,1,1,gg,25,Target-specific row for formal canntaireachd.,ha,hah
grace_g_e,grace_note,,High G gracenote on E,g,*,e,pipes,g,1.0,1,1,gg,25,Target-specific row for formal canntaireachd.,che,chay
grace_g_f,grace_note,,High G gracenote on F,g,*,f,pipes,g,1.0,1,1,gg,25,Target-specific row for formal canntaireachd.,he,hay
grace_d_G,grace_note,,D gracenote on Low G,d,*,G,pipes,d,1.0,1,1,dg,25,Nether Lorn/Campbell gives two accepted written alternatives for this target.,dam; bam,dam / bam
grace_d_A,grace_note,,D gracenote on Low A,d,*,A,pipes,d,1.0,1,1,dg,25,Target-specific row for formal canntaireachd.,dan,dan
grace_d_B,grace_note,,D gracenote on B,d,*,B,pipes,d,1.0,1,1,dg,25,Target-specific row for formal canntaireachd.,to,toe
grace_d_c,grace_note,,D gracenote on C,d,*,c,pipes,d,1.0,1,1,dg,25,Target-specific row for formal canntaireachd.,do,daw
grace_e_G,grace_note,,E gracenote on Low G,e,*,G,pipes,e,1.0,1,1,eg,25,Target-specific row; the formal written vocable is identical to the plain Low-G form.,em,em
grace_e_A,grace_note,,E gracenote on Low A,e,*,A,pipes,e,1.0,1,1,eg,25,Target-specific row; the formal written vocable is identical to the plain Low-A form.,en,en
grace_e_B,grace_note,,E gracenote on B,e,*,B,pipes,e,1.0,1,1,eg,25,Target-specific row for formal canntaireachd.,eo,yoh
grace_e_c,grace_note,,E gracenote on C,e,*,c,pipes,e,1.0,1,1,eg,25,Target-specific row for formal canntaireachd.,eo,yoh
grace_e_d,grace_note,,E gracenote on D,e,*,d,pipes,e,1.0,1,1,eg,25,Target-specific row for formal canntaireachd.,ea,yah
strike_A,strike,,Low A tap / strike,G,A,A,pipes,G,0.5,1,1,strlg,12.5,"Uncommon. Patrick McLaurin describes closing the Low-A finger briefly to sound Low G, but notes that a birl is generally used instead. Prior and target are both Low A. Nether Lorn/Campbell: no standardized standalone tap/strike vocable was found in the consulted scale and movement tables; leave blank pending contextual encoding review.",,
strike_B,strike,,B tap / strike,G,B,B,pipes,G,0.5,1,1,strlg,12.5,"Close the topmost open lower-hand hole briefly, sounding Low G while B remains the melody note. Prior and target are both B. Nether Lorn/Campbell: no standardized standalone tap/strike vocable was found in the consulted scale and movement tables; leave blank pending contextual encoding review.",,
strike_c,strike,,C tap / strike,G,c,c,pipes,G,0.5,1,1,strlg,12.5,Brief Low-G tap used to re-articulate C. Prior and target are both C. Nether Lorn/Campbell: no standardized standalone tap/strike vocable was found in the consulted scale and movement tables; leave blank pending contextual encoding review.,,
strike_d_low_g,strike,strike_d,D tap / strike (Low G form),G,d,d,pipes,G,0.5,1,,strlg,12.5,One of Patrick McLaurin’s two D taps: briefly sound Low G. Stored as a variant; no default selected because the source presents both forms. Nether Lorn/Campbell: no standardized standalone tap/strike vocable was found in the consulted scale and movement tables; leave blank pending contextual encoding review.,,
strike_d_c,strike,strike_d,D tap / strike (C form),c,d,d,pipes,c,0.5,1,,strc,12.5,One of Patrick McLaurin’s two D taps: close the D finger briefly to sound C. Stored as a variant; no default selected because the source presents both forms. Nether Lorn/Campbell: no standardized standalone tap/strike vocable was found in the consulted scale and movement tables; leave blank pending contextual encoding review.,,
strike_d_half_closed,strike,,Half strike on D (closed),dG,*,d,pipes,"d,G","2,1",1,1,,"40,30",Compatibility definition used by Dalnahasaig; D articulation followed by a Low-G closure.,,
strike_e,strike,,E tap / strike,A,e,e,pipes,A,0.5,1,1,strla,12.5,"Close the E finger briefly while E is sounding, producing Low A. Prior and target are both E. Nether Lorn/Campbell: no standardized standalone tap/strike vocable was found in the consulted scale and movement tables; leave blank pending contextual encoding review.",,
strike_f,strike,,F tap / strike,e,f,f,pipes,e,0.5,1,1,stre,12.5,"Close the F finger briefly while F is sounding, producing E. Prior and target are both F. Nether Lorn/Campbell: no standardized standalone tap/strike vocable was found in the consulted scale and movement tables; leave blank pending contextual encoding review.",,
strike_g,strike,,High G tap / strike,f,g,g,pipes,f,0.5,1,1,strf,12.5,"Close the High-G finger briefly while High G is sounding, producing F. Prior and target are both High G. Nether Lorn/Campbell: no standardized standalone tap/strike vocable was found in the consulted scale and movement tables; leave blank pending contextual encoding review.",,
strike_a,strike,,High A tap / strike,g,a,a,pipes,g,0.5,1,1,strhg,12.5,"Close and reopen the thumb hole while High A is sounding, producing High G. Patrick describes sliding and straight in-and-out methods, preferring the cleaner in-and-out motion except in repeated-tap contexts. Nether Lorn/Campbell: no standardized standalone tap/strike vocable was found in the consulted scale and movement tables; leave blank pending contextual encoding review.",,
grip_general,grip,,Grip / leumluath (general),GdG,*,*,pipes,"G,d,G","1,1,1",1,1,grp,"40,30,30",General fallback: Patrick McLaurin states that a grip can go from any note to any note. Excludes prior Low G for now by decision. Prefer target-specific rows where formal canntaireachd or movement data is available.,,
grip_A,grip,,Grip on Low A,GdG,*,A,pipes,"G,d,G","1,1,1",1,1,grp,"40,30,30",Target-specific because Nether Lorn/Campbell assigns a distinct grip vocable. Excludes prior Low G for now.,ban; bain,ban / bain
grip_B,grip,,Grip on B,GdG,*,B,pipes,"G,d,G","1,1,1",1,1,grp,"40,30,30",Target-specific because Nether Lorn/Campbell assigns a distinct grip vocable. Excludes prior Low G for now.,tro,tro
grip_c,grip,,Grip on C,GdG,*,c,pipes,"G,d,G","1,1,1",1,1,grp,"40,30,30",Target-specific because Nether Lorn/Campbell assigns a distinct grip vocable. Excludes prior Low G for now.,dro,dro
grip_d_from_d,grip,,Grip from D to D,GdG,d,d,pipes,"G,d,G","1,1,1",1,1,grp,"40,30,30",Prior-specific because Nether Lorn/Campbell assigns distinct D-to-D forms.,adeda; ademda,a-de-da / a-dem-da
leum_e,grip,,Leumluath to E,GdG,*,e,pipes,"G,d,G","1,1,1",1,1,grp,"40,30,30","General leumluath to E from notes other than D; bare is appended to the preceding melody vocable. Excludes prior Low G for now and prior D, which has variants below.",-bare,bare
leum_e_from_d_B,grip,leum_e_from_d,Leumluath from D to E (B-grace form),GBG,d,e,pipes,"G,B,G","1,1,1",1,,grpb,,Documented Nether Lorn/Campbell D-to-E form using a B gracenote. No default chosen between the two documented variants.,harode,ha-ro-de
leum_e_from_d_D,grip,leum_e_from_d,Leumluath from D to E (D-grace form),GdG,d,e,pipes,"G,d,G","1,1,1",1,,grp,"40,30,30",Documented Nether Lorn/Campbell D-to-E form using a D gracenote. No default chosen between the two documented variants.,habare,ha-ba-re
leum_f,grip,,Leumluath to F,GdG,*,f,pipes,"G,d,G","1,1,1",1,1,grp,"40,30,30",Target-specific because Nether Lorn/Campbell assigns a distinct leumluath form. Excludes prior Low G for now.,barhe,bar-he
leum_g,grip,,Leumluath to High G,GdG,*,g,pipes,"G,d,G","1,1,1",1,1,grp,"40,30,30",Target-specific because Nether Lorn/Campbell assigns a distinct leumluath form. Excludes prior Low G for now.,bari,ba-ri
leum_a,grip,,Leumluath to High A,GdG,*,a,pipes,"G,d,G","1,1,1",1,1,grp,"40,30,30","Target-specific because Nether Lorn/Campbell gives dari, with bari as a possible alternative. Excludes prior Low G for now.",dari; bari,da-ri / ba-ri
throw_d_heavy_literal,throw,,Heavy throw on D (literal),GdGc,*,d,pipes,"G,d,G,c","2,1,2,2",4,1,hvthrd,"40,20,40,40","Fully written heavy execution: Low G, D gracenote on Low G, return to Low G, then C, resolving to D. Excludes prior Low G for now. Beat/anchor is the C component.",tra,tra
throw_d_heavy_abbrev,throw,throw_d_Gdc,Heavy throw on D (abbreviated notation),Gdc,*,d,pipes,"G,d,G,c","2,1,2,2",4,1,thrd,"40,20,40,40","Written with the conventional Gdc shorthand but performed as the four-component heavy throw G,d,G,c. This is the default interpretation of the abbreviated notation. Excludes prior Low G for now. Beat/anchor is the sounded C component.",tra,tra
throw_d_light_abbrev,throw,throw_d_Gdc,Light throw on D,Gdc,*,d,pipes,"G,d,c","2,1,1",3,0,thrd,"60,25,30","Literal light execution of the same Gdc written form: Low G, D gracenote to C, then D. Excludes prior Low G for now. Beat/anchor is the C component.",tra,tra
taor_modern_G,taorluath,band,Modern taorluath to Low G — pipe-band anchor,GdGe,*,G,pipes,"G,d,G,e","1,1,1,1",1,1,tar,"30,30,30,30",Modern closed form. Prior Low G is excluded for now; general prior also excludes D because the B-grace form is represented separately. Pipe-band timing anchors the first Low G component. Cross-reference: McGillivray 2026 Piobaireachd Practice Pack.,darem,da-rem
taor_modern_G,taorluath,solo,Modern taorluath to Low G — solo/NZ anchor,GdGe,*,G,pipes,"G,d,G,e","1,1,1,1",4,0,tar,"30,30,30,30",Modern closed form. Prior Low G is excluded for now; general prior also excludes D because the B-grace form is represented separately. Solo/NZ timing anchors the final E component leading into the target note. Cross-reference: McGillivray 2026 Piobaireachd Practice Pack.,darem,da-rem
taor_modern_AD,taorluath,band,Modern taorluath to A–D — pipe-band anchor,GdGe,*,*,pipes,"G,d,G,e","1,1,1,1",1,1,tar,"30,30,30,30","Targets are restricted to A, B, c, or d. Prior Low G is excluded for now; general prior also excludes D because the B-grace form is represented separately. Pipe-band timing anchors the first Low G component. Cross-reference: McGillivray 2026 Piobaireachd Practice Pack.",-darid,darid
taor_modern_AD,taorluath,solo,Modern taorluath to A–D — solo/NZ anchor,GdGe,*,*,pipes,"G,d,G,e","1,1,1,1",4,0,tar,"30,30,30,30","Targets are restricted to A, B, c, or d. Prior Low G is excluded for now; general prior also excludes D because the B-grace form is represented separately. Solo/NZ timing anchors the final E component leading into the target note. Cross-reference: McGillivray 2026 Piobaireachd Practice Pack.",-darid,darid
taor_modern_Dprior_AD,taorluath,band,Modern taorluath from D to A–D (B-grace form) — pipe-band anchor,GBGe,d,*,pipes,"G,B,G,e","1,1,1,1",1,1,tarb,,"Documented D-prior variant using a B gracenote. Targets are restricted to A, B, c, or d. Prior Low G does not apply. Pipe-band timing anchors the first Low G component. Cross-reference: McGillivray 2026 Piobaireachd Practice Pack.",-darid,darid
taor_modern_Dprior_AD,taorluath,solo,Modern taorluath from D to A–D (B-grace form) — solo/NZ anchor,GBGe,d,*,pipes,"G,B,G,e","1,1,1,1",4,0,tarb,,"Documented D-prior variant using a B gracenote. Targets are restricted to A, B, c, or d. Prior Low G does not apply. Solo/NZ timing anchors the final E component leading into the target note. Cross-reference: McGillivray 2026 Piobaireachd Practice Pack.",-darid,darid
taor_redundantA_early_G,taorluath,band,Early redundant-A taorluath to Low G — pipe-band anchor,GdAe,*,G,pipes,"G,d,A,e","1,1,1,1",1,1,,,Historical form without the second Low G and with intervening Low A. Prior Low G is excluded for now. Timing is a neutral component ratio pending source-specific rhythmic transcription. Pipe-band timing anchors the first Low G component.,darem,da-rem
taor_redundantA_early_G,taorluath,solo,Early redundant-A taorluath to Low G — solo/NZ anchor,GdAe,*,G,pipes,"G,d,A,e","1,1,1,1",4,0,,,Historical form without the second Low G and with intervening Low A. Prior Low G is excluded for now. Timing is a neutral component ratio pending source-specific rhythmic transcription. Solo/NZ timing anchors the final E component leading into the target note.,darem,da-rem
taor_redundantA_early_AD,taorluath,band,Early redundant-A taorluath to A–D — pipe-band anchor,GdAe,*,*,pipes,"G,d,A,e","1,1,1,1",1,1,,,"Historical form without the second Low G and with intervening Low A. Targets are restricted to A, B, c, or d; prior Low G is excluded. Timing is neutral pending source-specific transcription. Pipe-band timing anchors the first Low G component.",-darid,darid
taor_redundantA_early_AD,taorluath,solo,Early redundant-A taorluath to A–D — solo/NZ anchor,GdAe,*,*,pipes,"G,d,A,e","1,1,1,1",4,0,,,"Historical form without the second Low G and with intervening Low A. Targets are restricted to A, B, c, or d; prior Low G is excluded. Timing is neutral pending source-specific transcription. Solo/NZ timing anchors the final E component leading into the target note.",-darid,darid
taor_redundantA_full_G,taorluath,band,Full redundant-A taorluath to Low G — pipe-band anchor,GdGAe,*,G,pipes,"G,d,G,A,e","1,1,1,1,1",1,1,,,Historical full-grip form retaining the second Low G and adding intervening Low A. Prior Low G is excluded. Timing is neutral pending source-specific transcription. Pipe-band timing anchors the first Low G component.,darem,da-rem
taor_redundantA_full_G,taorluath,solo,Full redundant-A taorluath to Low G — solo/NZ anchor,GdGAe,*,G,pipes,"G,d,G,A,e","1,1,1,1,1",5,0,,,Historical full-grip form retaining the second Low G and adding intervening Low A. Prior Low G is excluded. Timing is neutral pending source-specific transcription. Solo/NZ timing anchors the final E component leading into the target note.,darem,da-rem
taor_redundantA_full_AD,taorluath,band,Full redundant-A taorluath to A–D — pipe-band anchor,GdGAe,*,*,pipes,"G,d,G,A,e","1,1,1,1,1",1,1,,,"Historical full-grip form retaining the second Low G and adding intervening Low A. Targets are restricted to A, B, c, or d; prior Low G is excluded. Timing is neutral pending source-specific transcription. Pipe-band timing anchors the first Low G component.",-darid,darid
taor_redundantA_full_AD,taorluath,solo,Full redundant-A taorluath to A–D — solo/NZ anchor,GdGAe,*,*,pipes,"G,d,G,A,e","1,1,1,1,1",5,0,,,"Historical full-grip form retaining the second Low G and adding intervening Low A. Targets are restricted to A, B, c, or d; prior Low G is excluded. Timing is neutral pending source-specific transcription. Solo/NZ timing anchors the final E component leading into the target note.",-darid,darid
doubling_G,doubling,regular,Low G doubling — regular,gGd,*,G,pipes,"g,G,d","1,2,1",1,1,dblg,"25,50,25","Regular form is used from preceding notes F or below; excludes prior High G and High A. Pipe-band timing anchors component 1. Formal Nether Lorn names such as dre/edre, dare/vedare and bari/dari describe distinct piobaireachd movements with different note sequences, so they are not assigned to this light-music pattern. Nether Lorn/Campbell writes this regular doubling by repeating the target’s High-G-grace vocable.",himhim,him-him
doubling_G,doubling,thumb,Low G doubling — thumb,aGd,g,G,pipes,"a,G,d","1,2,1",1,0,tdblg,"25,50,25","Thumb form used when the preceding note is High G. Pipe-band timing anchors component 1. Formal Nether Lorn names such as dre/edre, dare/vedare and bari/dari describe distinct piobaireachd movements with different note sequences, so they are not assigned to this light-music pattern.",,
doubling_G,doubling,half,Low G doubling — half,Gd,a,G,pipes,"G,d","2,1",1,0,hdblg,"50,25","Half form used when the preceding note is High A: the unavailable opening High-G gracenote is omitted. Pipe-band timing anchors component 1. Formal Nether Lorn names such as dre/edre, dare/vedare and bari/dari describe distinct piobaireachd movements with different note sequences, so they are not assigned to this light-music pattern.",,
doubling_A,doubling,regular,Low A doubling — regular,gAd,*,A,pipes,"g,A,d","1,2,1",1,1,dbla,"25,50,25","Regular form is used from preceding notes F or below; excludes prior High G and High A. Pipe-band timing anchors component 1. Formal Nether Lorn names such as dre/edre, dare/vedare and bari/dari describe distinct piobaireachd movements with different note sequences, so they are not assigned to this light-music pattern. Nether Lorn/Campbell writes this regular doubling by repeating the target’s High-G-grace vocable.",hinhin,hin-hin
doubling_A,doubling,thumb,Low A doubling — thumb,aAd,g,A,pipes,"a,A,d","1,2,1",1,0,tdbla,"25,50,25","Thumb form used when the preceding note is High G. Pipe-band timing anchors component 1. Formal Nether Lorn names such as dre/edre, dare/vedare and bari/dari describe distinct piobaireachd movements with different note sequences, so they are not assigned to this light-music pattern.",,
doubling_A,doubling,half,Low A doubling — half,Ad,a,A,pipes,"A,d","2,1",1,0,hdbla,"50,25","Half form used when the preceding note is High A: the unavailable opening High-G gracenote is omitted. Pipe-band timing anchors component 1. Formal Nether Lorn names such as dre/edre, dare/vedare and bari/dari describe distinct piobaireachd movements with different note sequences, so they are not assigned to this light-music pattern.",,
doubling_B,doubling,regular,B doubling — regular,gBd,*,B,pipes,"g,B,d","1,2,1",1,1,dbb,"25,50,25","Regular form is used from preceding notes F or below; excludes prior High G and High A. Pipe-band timing anchors component 1. Formal Nether Lorn names such as dre/edre, dare/vedare and bari/dari describe distinct piobaireachd movements with different note sequences, so they are not assigned to this light-music pattern. Nether Lorn/Campbell writes this regular doubling by repeating the target’s High-G-grace vocable.",hiohio,hyo-hyo
doubling_B,doubling,thumb,B doubling — thumb,aBd,g,B,pipes,"a,B,d","1,2,1",1,0,tdbb,"25,50,25","Thumb form used when the preceding note is High G. Pipe-band timing anchors component 1. Formal Nether Lorn names such as dre/edre, dare/vedare and bari/dari describe distinct piobaireachd movements with different note sequences, so they are not assigned to this light-music pattern.",,
doubling_B,doubling,half,B doubling — half,Bd,a,B,pipes,"B,d","2,1",1,0,hdbb,"50,25","Half form used when the preceding note is High A: the unavailable opening High-G gracenote is omitted. Pipe-band timing anchors component 1. Formal Nether Lorn names such as dre/edre, dare/vedare and bari/dari describe distinct piobaireachd movements with different note sequences, so they are not assigned to this light-music pattern.",,
doubling_c,doubling,regular,C doubling — regular,gcd,*,c,pipes,"g,c,d","1,2,1",1,1,dbc,"25,50,25","Regular form is used from preceding notes F or below; excludes prior High G and High A. Pipe-band timing anchors component 1. Formal Nether Lorn names such as dre/edre, dare/vedare and bari/dari describe distinct piobaireachd movements with different note sequences, so they are not assigned to this light-music pattern. Nether Lorn/Campbell writes this regular doubling by repeating the target’s High-G-grace vocable.",hoho,hoh-hoh
doubling_c,doubling,thumb,C doubling — thumb,acd,g,c,pipes,"a,c,d","1,2,1",1,0,tdbc,"25,50,25","Thumb form used when the preceding note is High G. Pipe-band timing anchors component 1. Formal Nether Lorn names such as dre/edre, dare/vedare and bari/dari describe distinct piobaireachd movements with different note sequences, so they are not assigned to this light-music pattern.",,
doubling_c,doubling,half,C doubling — half,cd,a,c,pipes,"c,d","2,1",1,0,hdbc,"50,25","Half form used when the preceding note is High A: the unavailable opening High-G gracenote is omitted. Pipe-band timing anchors component 1. Formal Nether Lorn names such as dre/edre, dare/vedare and bari/dari describe distinct piobaireachd movements with different note sequences, so they are not assigned to this light-music pattern.",,
doubling_d,doubling,regular,D doubling — regular,gde,*,d,pipes,"g,d,e","1,2,1",1,1,dbd,"25,50,25","Regular form is used from preceding notes F or below; excludes prior High G and High A. Pipe-band timing anchors component 1. Formal Nether Lorn names such as dre/edre, dare/vedare and bari/dari describe distinct piobaireachd movements with different note sequences, so they are not assigned to this light-music pattern. Nether Lorn/Campbell writes this regular doubling by repeating the target’s High-G-grace vocable.",haha,hah-hah
doubling_d,doubling,thumb,D doubling — thumb,ade,g,d,pipes,"a,d,e","1,2,1",1,0,tdbd,"25,50,25","Thumb form used when the preceding note is High G. Pipe-band timing anchors component 1. Formal Nether Lorn names such as dre/edre, dare/vedare and bari/dari describe distinct piobaireachd movements with different note sequences, so they are not assigned to this light-music pattern.",,
doubling_d,doubling,half,D doubling — half,de,a,d,pipes,"d,e","2,1",1,0,hdbd,"50,25","Half form used when the preceding note is High A: the unavailable opening High-G gracenote is omitted. Pipe-band timing anchors component 1. Formal Nether Lorn names such as dre/edre, dare/vedare and bari/dari describe distinct piobaireachd movements with different note sequences, so they are not assigned to this light-music pattern.",,
doubling_e,doubling,regular,E doubling — regular,gef,*,e,pipes,"g,e,f","1,2,1",1,1,dbe,"25,50,25","Regular form is used from preceding notes F or below; excludes prior High G and High A. Pipe-band timing anchors component 1. Formal Nether Lorn names such as dre/edre, dare/vedare and bari/dari describe distinct piobaireachd movements with different note sequences, so they are not assigned to this light-music pattern. Nether Lorn/Campbell writes this regular doubling by repeating the target’s High-G-grace vocable.",cheche,chay-chay
doubling_e,doubling,thumb,E doubling — thumb,aef,g,e,pipes,"a,e,f","1,2,1",1,0,tdbe,"25,50,25","Thumb form used when the preceding note is High G. Pipe-band timing anchors component 1. Formal Nether Lorn names such as dre/edre, dare/vedare and bari/dari describe distinct piobaireachd movements with different note sequences, so they are not assigned to this light-music pattern.",,
doubling_e,doubling,half,E doubling — half,ef,a,e,pipes,"e,f","2,1",1,0,hdbe,"50,25","Half form used when the preceding note is High A: the unavailable opening High-G gracenote is omitted. Pipe-band timing anchors component 1. Formal Nether Lorn names such as dre/edre, dare/vedare and bari/dari describe distinct piobaireachd movements with different note sequences, so they are not assigned to this light-music pattern.",,
doubling_f,doubling,regular,F doubling — regular,gfg,*,f,pipes,"g,f,g","1,2,1",1,1,dbf,"25,50,25","Regular form is used from preceding notes F or below; excludes prior High G and High A. Pipe-band timing anchors component 1. Formal Nether Lorn names such as dre/edre, dare/vedare and bari/dari describe distinct piobaireachd movements with different note sequences, so they are not assigned to this light-music pattern. Nether Lorn/Campbell writes this regular doubling by repeating the target’s High-G-grace vocable.",hehe,hay-hay
doubling_f,doubling,thumb,F doubling — thumb,afg,g,f,pipes,"a,f,g","1,2,1",1,0,tdbf,"25,50,25","Thumb form used when the preceding note is High G. Pipe-band timing anchors component 1. Formal Nether Lorn names such as dre/edre, dare/vedare and bari/dari describe distinct piobaireachd movements with different note sequences, so they are not assigned to this light-music pattern.",,
doubling_f,doubling,half,F doubling — half,fg,a,f,pipes,"f,g","2,1",1,0,hdbf,"50,25","Half form used when the preceding note is High A: the unavailable opening High-G gracenote is omitted. Pipe-band timing anchors component 1. Formal Nether Lorn names such as dre/edre, dare/vedare and bari/dari describe distinct piobaireachd movements with different note sequences, so they are not assigned to this light-music pattern.",,
doubling_g,doubling,regular,High G doubling,gf,*,g,pipes,"g,f","1,1",1,1,dbhg,"25,25","Special High-G doubling: High-G gracenote to F, then resolve to High G. Prior note must be F or below. Pipe-band timing anchors component 1; RNZ/solo practice may instead anchor F. Prior-specific piobaireachd bari/dari forms have different patterns and are not conflated here.",,
doubling_a,doubling,regular,High A doubling,ag,*,a,pipes,"a,g","1,1",1,1,dbha,"25,25","Special High-A doubling: High-A/thumb gracenote to High G, then resolve to High A. Prior note is below High A. Pipe-band timing anchors component 1. Nether Lorn/Campbell identifies this movement as dili.",dili,di-li
slur_B,slur,,B slur,gBG,*,B,pipes,"g,B,G","1,1,1",1,1,gstb,"30,30,30",Patrick: High-G gracenote to B followed by a Low-G tap/strike. BWW classifies this as a G-gracenote strike. Pipe-band timing anchors component 1.,,
slur_c,slur,,C slur,gcG,*,c,pipes,"g,c,G","1,1,1",1,1,gstc,"30,30,30",Patrick: High-G gracenote to C followed by a Low-G tap/strike. BWW classifies this as a G-gracenote strike. Pipe-band timing anchors component 1.,,
slur_d,slur,light,D slur — light,gdc,*,d,pipes,"g,d,c","1,1,1",1,1,lgstd,"30,30,30",Patrick’s light D slur: High-G gracenote to D followed by a C tap/strike. Pipe-band timing anchors component 1.,,
slur_d,slur,heavy,D slur — heavy,gdG,*,d,pipes,"g,d,G","1,1,1",1,0,gstd,"30,30,30",Patrick’s heavy D slur: High-G gracenote to D followed by a Low-G tap/strike. Pipe-band timing anchors component 1.,,
slur_e,slur,,E slur,geA,*,e,pipes,"g,e,A","1,1,1",1,1,gste,"30,30,30",Patrick: High-G gracenote to E followed by a Low-A tap/strike. Pipe-band timing anchors component 1.,,
slur_f,slur,,F slur,gfe,*,f,pipes,"g,f,e","1,1,1",1,1,gstf,"30,30,30",Patrick: High-G gracenote to F followed by an E tap/strike. Pipe-band timing anchors component 1.,,
slur_g,slur,,High G slur,agf,*,g,pipes,"a,g,f","1,1,1",1,1,tsthg,"30,30,30",Patrick: High-A/thumb gracenote to High G followed by an F tap/strike. BWW places this in the thumb-strike family. Pipe-band timing anchors component 1.,,
shake_B,shake,d_intermediate,B hornpipe shake,gBdG,*,B,pipes,"g,B,d,G","1,1,1,1",1,1,hpsb,"25,25,25,25",Patrick: regular B doubling followed by the B tapping gracenote (Low G). The D-intermediate form is the standard/default variant.,,
shake_B,shake,e_intermediate,B hornpipe shake — E intermediate,gBeG,*,B,pipes,"g,B,e,G","1,1,1,1",1,0,hpsb_e,"25,25,25,25","Patrick: common alternative B hornpipe shake using E, rather than D, as the intermediate gracenote in the doubling; followed by the B tapping gracenote (Low G).",,
shake_c,shake,d_intermediate,C hornpipe shake,gcdG,*,c,pipes,"g,c,d,G","1,1,1,1",1,1,hpsc,"25,25,25,25",Patrick: regular C doubling followed by the C tapping gracenote (Low G). The D-intermediate form is the standard/default variant.,,
shake_c,shake,e_intermediate,C hornpipe shake — E intermediate,gceG,*,c,pipes,"g,c,e,G","1,1,1,1",1,0,hpsc_e,"25,25,25,25","Patrick: common alternative C hornpipe shake using E, rather than D, as the intermediate gracenote in the doubling; followed by the C tapping gracenote (Low G).",,
shake_d,shake,light,D hornpipe shake — light,gdec,*,d,pipes,"g,d,e,c","1,1,1,1",1,1,lhpsd,"25,25,25,25",Patrick: regular D doubling followed by the light D tapping gracenote (C).,,
shake_d,shake,heavy,D hornpipe shake — heavy,gdeG,*,d,pipes,"g,d,e,G","1,1,1,1",1,0,hpsd,"25,25,25,25",Patrick: regular D doubling followed by the heavy D tapping gracenote (Low G).,,
shake_e,shake,,E hornpipe shake,gefA,*,e,pipes,"g,e,f,A","1,1,1,1",1,1,hpse,"25,25,25,25",Patrick: regular E doubling followed by the E tapping gracenote (Low A).,,
shake_f,shake,,F hornpipe shake,gfge,*,f,pipes,"g,f,g,e","1,1,1,1",1,1,hpsf,"25,25,25,25",Patrick: regular F doubling followed by the F tapping gracenote (E).,,
birl,birl,plain,Birl,GAG,*,A,pipes,"G,A,G","1,2,1",1,1,brl,"30,60,30","Patrick’s basic birl: two rapid Low-G interruptions resolving to Low A. Physical methods (seven, double tap, tap-drag, swipe) are execution choices, not separate sounding variants.",,
birl,birl,from_A,Birl from Low A,AGAG,A,A,pipes,"A,G,A,G","2,1,2,1",1,0,brl_from_A,"60,30,60,30",Context-explicit form when the preceding melody note is Low A; preserves the initial Low A before the two Low-G interruptions.,,
birl,birl,g_grace,G-gracenote birl,gAGAG,*,A,pipes,"g,A,G,A,G","1,2,1,2,1",1,0,gbrl,"30,60,30,60,30","G-gracenote birl used from notes where a High-G gracenote is available; resolves to Low A. Prior High G instead uses the thumb-gracenote form, and prior High A omits the unavailable opening gracenote.",,
birl,birl,thumb,High-A-gracenote birl,aAGAG,g,A,pipes,"a,A,G,A,G","1,2,1,2,1",1,0,tbrl,"30,60,30,60,30",Thumb/High-A-gracenote birl used from preceding High G; resolves to Low A.,,
pele_A,pele,regular,Pele on Low A,gAeAG,*,A,pipes,"g,A,e,A,G","1,1,1,1,1",1,1,pela,"40,30,30,30,30",Full Low-A pele with High-G opening. Regular form applies from notes where the opening High-G gracenote is available.,,
pele_A,pele,thumb,Thumb pele on Low A,aAeAG,g,A,pipes,"a,A,e,A,G","1,1,1,1,1",1,0,tpela,"40,30,30,30,30",Thumb form used from preceding High G.,,
pele_A,pele,half,Half pele on Low A,AeAG,a,A,pipes,"A,e,A,G","1,1,1,1",1,0,hpela,"40,30,30,30",Half form used from preceding High A; opening gracenote is omitted.,,
pele_B,pele,regular,Pele on B,gBeBG,*,B,pipes,"g,B,e,B,G","1,1,1,1,1",1,1,pelb,"40,30,30,30,30",Full B pele with High-G opening.,,
pele_B,pele,thumb,Thumb pele on B,aBeBG,g,B,pipes,"a,B,e,B,G","1,1,1,1,1",1,0,tpelb,"40,30,30,30,30",Thumb form used from preceding High G.,,
pele_B,pele,half,Half pele on B,BeBG,a,B,pipes,"B,e,B,G","1,1,1,1",1,0,hpelb,"40,30,30,30",Half form used from preceding High A; opening gracenote is omitted.,,
pele_c,pele,regular,Pele on C,gcecG,*,c,pipes,"g,c,e,c,G","1,1,1,1,1",1,1,pelc,"40,30,30,30,30",Full C pele with High-G opening.,,
pele_c,pele,thumb,Thumb pele on C,acecG,g,c,pipes,"a,c,e,c,G","1,1,1,1,1",1,0,tpelc,"40,30,30,30,30",Thumb form used from preceding High G.,,
pele_c,pele,half,Half pele on C,cecG,a,c,pipes,"c,e,c,G","1,1,1,1",1,0,hpelc,"40,30,30,30",Half form used from preceding High A; opening gracenote is omitted.,,
pele_d,pele,regular_closed,Pele on D — closed,gdedG,*,d,pipes,"g,d,e,d,G","1,1,1,1,1",1,1,peld,"40,30,30,30,30",Full closed D pele; final tap is Low G.,,
pele_d,pele,regular_open,Pele on D — open,gdedc,*,d,pipes,"g,d,e,d,c","1,1,1,1,1",1,0,opeld,"40,30,30,30,30",Full open D pele; final tap is C.,,
pele_d,pele,thumb_closed,Thumb pele on D — closed,adedG,g,d,pipes,"a,d,e,d,G","1,1,1,1,1",1,0,tpeld,"40,30,30,30,30",Thumb closed form from preceding High G; final tap is Low G.,,
pele_d,pele,thumb_open,Thumb pele on D — open,adedc,g,d,pipes,"a,d,e,d,c","1,1,1,1,1",1,0,topeld,"40,30,30,30,30",Thumb open form from preceding High G; final tap is C.,,
pele_d,pele,half_closed,Half pele on D — closed,dedG,a,d,pipes,"d,e,d,G","1,1,1,1",1,0,hpeld,"40,30,30,30",Half closed form from preceding High A; final tap is Low G.,,
pele_d,pele,half_open,Half pele on D — open,dedc,a,d,pipes,"d,e,d,c","1,1,1,1",1,0,hopeld,"40,30,30,30",Half open form from preceding High A; final tap is C.,,
pele_e,pele,regular,Pele on E,gefeA,*,e,pipes,"g,e,f,e,A","1,1,1,1,1",1,1,pele,"40,30,30,30,30",Full E pele with High-G opening; final tap is Low A.,,
pele_e,pele,thumb,Thumb pele on E,aefeA,g,e,pipes,"a,e,f,e,A","1,1,1,1,1",1,0,tpele,"40,30,30,30,30",Thumb form used from preceding High G.,,
pele_e,pele,half,Half pele on E,efeA,a,e,pipes,"e,f,e,A","1,1,1,1",1,0,hpele,"30,30,30,30",Half form used from preceding High A; opening gracenote is omitted.,,
pele_f,pele,regular,Pele on F,gfgfe,*,f,pipes,"g,f,g,f,e","1,1,1,1,1",1,1,pelf,"40,30,30,30,30",Full F pele with High-G opening; final tap is E.,,
pele_f,pele,thumb,Thumb pele on F,afgfe,g,f,pipes,"a,f,g,f,e","1,1,1,1,1",1,0,tpelf,"40,30,30,30,30",Thumb form used from preceding High G.,,
pele_f,pele,half,Half pele on F,fgfe,a,f,pipes,"f,g,f,e","1,1,1,1",1,0,hpelf,"30,30,30,30",Half form used from preceding High A; opening gracenote is omitted.,,
pele_g,pele,thumb,Thumb pele on High G,agagf,g,g,pipes,"a,g,a,g,f","1,1,1,1,1",1,1,tpelhg,"40,30,30,30,30",High-G pele from High G uses a High-A/thumb opening; final tap is F.,,
pele_g,pele,half,Half pele on High G,gagf,a,g,pipes,"g,a,g,f","1,1,1,1",1,0,hpelhg,"30,30,30,30",High-G half pele from High A; opening gracenote is omitted.,,
bubbly_G,bubbly_note,light_music,Bubbly note / darodo,GdGcG,*,G,pipes,"G,d,G,c,G","1,1,1,1,1",1,1,bubly,"25,25,25,25,25",Standard light-music darodo: three Low Gs separated by D and C gracenotes.,darodo,da-ro-do
bubbly_G,bubbly_note,piobaireachd,Darodo — piobaireachd,GdGcG,*,G,pipes,"G,d,G,c,G","1,1,1,1,1",1,0,darodo,"30,30,30,30,30",Same movement with even piobaireachd source timing.,darodo,da-ro-do
bubbly_G,bubbly_note,piobaireachd_16,Darodo — 16th-note style,GdGcG,*,G,pipes,"G,d,G,c,G","5,3,3,3,5",1,0,darodo16,"50,30,30,30,50",Darodo timing variant with longer outer Low-G components.,darodo,da-ro-do
bubbly_G,bubbly_note,from_G,Darodo from Low G,dGcG,G,G,pipes,"d,G,c,G","1,1,1,1",1,0,hdarodo,"30,30,30,30",Contextual half form when the preceding melody note is already Low G; the initial Low G is not repeated.,darodo,da-ro-do
bubbly_G,bubbly_note,B_opening,B-opening bubbly note,gBGcG,*,G,pipes,"g,B,G,c,G","1,1,1,1,1",1,0,ggrpb,"25,25,25,25,25","Distinct light-music bubbly-note form opening with a High-G gracenote to B, then Low G–C–Low G. It is not conflated with the traditional darodo name.",,
throw_d,throw,half_light,Half D throw,dc,G,d,pipes,"d,c","1,1",1,0,htra,"30,30","Half/light D throw from preceding Low G. The initial Low G of the full light throw is supplied by the preceding melody note, leaving D gracenote to C before resolving to D.",tra,trah
tachum_d_c,tachum,standard,D-to-C tachum,gdd,*,c,pipes,"g,d,d","1,3,1",1,1,tach_dc,"25,75,25","Jim McGillivray model: a short D introduced by a High-G gracenote, followed by the longer lower C introduced by a D gracenote. This is a two-note Scotch-snap figure; the destination note is stored separately as target_note. Canntaireachd left blank: no attested traditional tachum form has yet been established; do not construct one merely by concatenating scale vocables.",,
tachum_d_B,tachum,standard,D-to-B tachum,gdd,*,B,pipes,"g,d,d","1,3,1",1,1,tach_dB,"25,75,25","Jim McGillivray model: a short D introduced by a High-G gracenote, followed by the longer lower B introduced by a D gracenote. This is a two-note Scotch-snap figure; the destination note is stored separately as target_note. Canntaireachd left blank: no attested traditional tachum form has yet been established; do not construct one merely by concatenating scale vocables.",,
tachum_d_A,tachum,standard,D-to-Low A tachum,gdd,*,A,pipes,"g,d,d","1,3,1",1,1,tach_dA,"25,75,25","Jim McGillivray model: a short D introduced by a High-G gracenote, followed by the longer lower Low A introduced by a D gracenote. This is a two-note Scotch-snap figure; the destination note is stored separately as target_note. Canntaireachd left blank: no attested traditional tachum form has yet been established; do not construct one merely by concatenating scale vocables.",,
tachum_d_G,tachum,standard,D-to-Low G tachum,gdd,*,G,pipes,"g,d,d","1,3,1",1,1,tach_dG,"25,75,25","Jim McGillivray model: a short D introduced by a High-G gracenote, followed by the longer lower Low G introduced by a D gracenote. This is a two-note Scotch-snap figure; the destination note is stored separately as target_note. Canntaireachd left blank: no attested traditional tachum form has yet been established; do not construct one merely by concatenating scale vocables.",,
tachum_c_B,tachum,standard,C-to-B tachum,gcd,*,B,pipes,"g,c,d","1,3,1",1,1,tach_cB,"25,75,25","Jim McGillivray model: a short C introduced by a High-G gracenote, followed by the longer lower B introduced by a D gracenote. This is a two-note Scotch-snap figure; the destination note is stored separately as target_note. Canntaireachd left blank: no attested traditional tachum form has yet been established; do not construct one merely by concatenating scale vocables.",,
tachum_c_A,tachum,standard,C-to-Low A tachum,gcd,*,A,pipes,"g,c,d","1,3,1",1,1,tach_cA,"25,75,25","Jim McGillivray model: a short C introduced by a High-G gracenote, followed by the longer lower Low A introduced by a D gracenote. This is a two-note Scotch-snap figure; the destination note is stored separately as target_note. Canntaireachd left blank: no attested traditional tachum form has yet been established; do not construct one merely by concatenating scale vocables.",,
tachum_c_G,tachum,standard,C-to-Low G tachum,gcd,*,G,pipes,"g,c,d","1,3,1",1,1,tach_cG,"25,75,25","Jim McGillivray model: a short C introduced by a High-G gracenote, followed by the longer lower Low G introduced by a D gracenote. This is a two-note Scotch-snap figure; the destination note is stored separately as target_note. Canntaireachd left blank: no attested traditional tachum form has yet been established; do not construct one merely by concatenating scale vocables.",,
tachum_B_A,tachum,standard,B-to-Low A tachum,gBd,*,A,pipes,"g,B,d","1,3,1",1,1,tach_BA,"25,75,25","Jim McGillivray model: a short B introduced by a High-G gracenote, followed by the longer lower Low A introduced by a D gracenote. This is a two-note Scotch-snap figure; the destination note is stored separately as target_note. Canntaireachd left blank: no attested traditional tachum form has yet been established; do not construct one merely by concatenating scale vocables.",,
tachum_B_G,tachum,standard,B-to-Low G tachum,gBd,*,G,pipes,"g,B,d","1,3,1",1,1,tach_BG,"25,75,25","Jim McGillivray model: a short B introduced by a High-G gracenote, followed by the longer lower Low G introduced by a D gracenote. This is a two-note Scotch-snap figure; the destination note is stored separately as target_note. Canntaireachd left blank: no attested traditional tachum form has yet been established; do not construct one merely by concatenating scale vocables.",,
tachum_A_G,tachum,standard,Low A-to-Low G tachum,gAd,*,G,pipes,"g,A,d","1,3,1",1,1,tach_AG,"25,75,25","Jim McGillivray model: a short Low A introduced by a High-G gracenote, followed by the longer lower Low G introduced by a D gracenote. This is a two-note Scotch-snap figure; the destination note is stored separately as target_note. Canntaireachd left blank: no attested traditional tachum form has yet been established; do not construct one merely by concatenating scale vocables.",,
tachum_A,tachum,round,C-to-Low-A round tachum,gcde,*,A,pipes,"g,c,d,e","1,2,1,1",1,0,rtachum_ca,"25,50,25,25",Round/Strathspey tachum: C doubling followed by an E gracenote to Low A. This is retained as a distinct sounding variant of the common C-to-Low-A tachum. Canntaireachd left blank: no attested traditional tachum form has yet been established; do not construct one merely by concatenating scale vocables.,,
tachum_G,tachum,round,B-to-Low-G round tachum,gBde,*,G,pipes,"g,B,d,e","1,2,1,1",1,0,rtachum_bg,"25,50,25,25",Round/Strathspey tachum: B doubling followed by an E gracenote to Low G. This is retained as a distinct sounding variant of the common B-to-Low-G tachum. Canntaireachd left blank: no attested traditional tachum form has yet been established; do not construct one merely by concatenating scale vocables.,,
rodin_A,rodin,general,Rodin,GBG,*,A,pipes,"G,B,G","1,1,1",1,1,rodin,"30,30,30","Piobaireachd rodin: two Low Gs separated by a B gracenote, resolving to Low A. Use the prior-specific harodin or horodin row when the preceding note is D or C.",rodin,ro-din
rodin_A,rodin,from_D,Harodin,GBG,d,A,pipes,"G,B,G","1,1,1",1,0,harodin,"30,30,30","Traditional D-to-Low-A rodin context. The movement is two Low Gs separated by B, then resolves to Low A.",harodin,ha-ro-din
rodin_A,rodin,from_C,Horodin,GBG,c,A,pipes,"G,B,G","1,1,1",1,0,horodin,"30,30,30","Traditional C-to-Low-A rodin context. The movement is two Low Gs separated by B, then resolves to Low A.",horodin,ho-ro-din
otro_B,otro,regular,Otro — B-to-B,gBGdG,*,B,pipes,"g,B,G,d,G","1,1,1,1,1",1,1,otro,"30,30,30,30,30","Matt Willis exercise: High-G gracenote to B, followed by a grip returning to B. The final B is stored separately as target_note, so pattern gBGdG plus target B represents the complete B-to-B movement. Traditional naming correction in the video description confirms B-to-B is otro. prior_note=* excludes High G and High A, which use the contextual rows below. Timing values remain nominal.",otro,o-tro
otro_B,otro,thumb,Thumb otro — B-to-B,aBGdG,g,B,pipes,"a,B,G,d,G","1,1,1,1,1",1,0,totro,"30,30,30,30,30","Contextual High-A-opening substitution for preceding High G: aBGdG plus target B. This is structurally consistent with the taxonomy’s thumb-variant rule, but it is not separately established by the cited Matt Willis lesson; retain as an explicit modeling assumption.",otro,o-tro
otro_B,otro,half,Half otro — B-to-B,BGdG,a,B,pipes,"B,G,d,G","1,1,1,1",1,0,hotro,"30,30,30,30","Contextual form for preceding High A with the unavailable opening gracenote omitted: BGdG plus target B. This is structurally consistent with the taxonomy’s half-variant rule, but it is not separately established by the cited Matt Willis lesson; retain as an explicit modeling assumption.",otro,o-tro
odro_c,odro,regular,Odro — C-to-C,gcGdG,*,c,pipes,"g,c,G,d,G","1,1,1,1,1",1,1,odro,"30,30,30,30,30","Matt Willis exercise: High-G gracenote to C, followed by a grip returning to C. The final C is stored separately as target_note, so pattern gcGdG plus target C represents the complete C-to-C movement. Traditional naming correction in the video description confirms C-to-C is odro. prior_note=* excludes High G and High A, which use the contextual rows below. Timing values remain nominal.",odro,o-dro
odro_c,odro,thumb,Thumb odro — C-to-C,acGdG,g,c,pipes,"a,c,G,d,G","1,1,1,1,1",1,0,todro,"30,30,30,30,30","Contextual High-A-opening substitution for preceding High G: acGdG plus target C. This is structurally consistent with the taxonomy’s thumb-variant rule, but it is not separately established by the cited Matt Willis lesson; retain as an explicit modeling assumption.",odro,o-dro
odro_c,odro,half,Half odro — C-to-C,cGdG,a,c,pipes,"c,G,d,G","1,1,1,1",1,0,hodro,"30,30,30,30","Contextual form for preceding High A with the unavailable opening gracenote omitted: cGdG plus target C. This is structurally consistent with the taxonomy’s half-variant rule, but it is not separately established by the cited Matt Willis lesson; retain as an explicit modeling assumption.",odro,o-dro
piob_hiharin,hiharin,standard,Hiharin,dAGAG,*,A,pipes,"d,A,G,A,G","1,1,1,1,1",1,1,hiharin,"30,30,30,30,30",Hiharin: passing D gracenote on Low A followed by a birl; resolves to Low A. Target corrected from Low G to Low A.,hiharin,hi-ha-rin
piob_dre,dre,lower_to_E,Dre,eAf,*,e,pipes,"e,A,f","2,1,1",1,1,dre,"60,30,30","Jim McGillivray reference: dre is the lower-note approach to the E–Low A–F–Low A–E movement. Pattern eAf plus target E is the correct stored expansion. The opening E carries the beat and is slightly broader than the following internal notes, reflected by nominal ratio 2,1,1 and anchor 1. prior_note=* is constrained to Low G, Low A, B, C, or D; a future parser should encode that range explicitly rather than rely only on this note. Cross-reference: McGillivray 2026 Piobaireachd Practice Pack.",dre,dre
piob_edre,edre,higher_to_E,Edre,eAf,*,e,pipes,"e,A,f","2,1,1",1,0,edre,"60,30,30","Jim McGillivray reference: edre is the upper-note approach to the same E–Low A–F–Low A–E movement. Pattern eAf plus target E is the correct stored expansion. The opening E carries the beat and is naturally more exposed from the upper hand, reflected by nominal ratio 2,1,1 and anchor 1. prior_note=* is constrained to F, High G, or High A; a future parser should encode that range explicitly rather than rely only on this note. Cross-reference: McGillivray 2026 Piobaireachd Practice Pack.",edre,e-dre
piob_dare,dare,lower_to_F,Dare,feg,*,f,pipes,"f,e,g","1,1,1",1,1,dare,"30,30,30","Dare from a lower note: F gracenote to E, High-G gracenote on E, resolving to F. Prior wildcard is constrained in practice to notes below F. Cross-reference: McGillivray 2026 Piobaireachd Practice Pack.",dare,da-re
piob_vedare,vedare,higher_to_F,Vedare,feg,*,f,pipes,"f,e,g","1,1,1",1,0,vedare,"30,30,30","Vedare from a higher note: brief F followed by the F-to-E / High-G-grace figure, resolving to F. Prior wildcard is constrained in practice to notes above F. Cross-reference: McGillivray 2026 Piobaireachd Practice Pack.",vedare,ve-da-re
piob_hihorodo,echo_beats,B_to_B,Hihorodo,hihorodo,*,B,pipes,"hi,ho,ro,do","1,1,1,1",1,1,hihorodo,"30,30,30,30",Echo beat on B.,hihorodo,hi-ho-ro-do
piob_hiharara,echo_beats,D_to_D,Hiharara,hiharara,*,d,pipes,"hi,ha,ra,ra","1,1,1,1",1,1,hiharara,"30,30,30,30",Echo beat on D.,hiharara,hi-ha-ra-ra
piob_cherede,echo_beats,E_to_E,Cherede,cherede,*,e,pipes,"che,re,de","1,1,1",1,1,cherede,"30,30,30",Echo beat on E.,cherede,che-re-de
piob_herere,echo_beats,F_to_F,Herere,herere,*,f,pipes,"he,re,re","1,1,1",1,1,herere,"30,30,30",Echo beat on F.,herere,he-re-re
piob_hiriri,echo_beats,HG_to_HG,Hiriri,hiriri,*,G,pipes,"hi,ri,ri","1,1,1",1,1,hiriri,"30,30,30",Echo beat on High G.,hiriri,hi-ri-ri
piob_hiotroeo,taorluath_a_mach,B_form,Hiotroeo,hiotroeo,B,,pipes,"hi,o,tro,eo","1,1,1,1",,1,hiotroeo,"30,30,30,30",Taorluath-a-mach on B: B is the prior/theme note and carries the beat. The complete movement is timed within that prior note; target_note and anchor are intentionally blank.,hiotroeo,hi-tro-eo
piob_hodroeo,taorluath_a_mach,C_form,Hodroeo,hodroeo,c,,pipes,"ho,dro,eo","1,1,1",,0,hodroeo,"30,30,30",Taorluath-a-mach on C: C is the prior/theme note and carries the beat. The complete movement is timed within that prior note; target_note and anchor are intentionally blank.,hodroeo,ho-dro-eo
piob_hiotraea,taorluath_a_mach,D_form,Hiotraea,hiotraea,d,,pipes,"hi,tra,ea","1,1,1",,0,hiotraea,"30,30,30",Taorluath-a-mach on D: D is the prior/theme note and carries the beat. The complete movement is timed within that prior note; target_note and anchor are intentionally blank.,hiotraea,hi-tra-ea
crun_standard,crunluath,general,Standard crunluath,GdGeAfAe,*,,pipes,"G,d,G,e,A,f,A,e","1,1,1,1,1,1,1,1",,1,crunl,"30,30,30,30,30,30,30,30","The theme note is the prior note and carries the beat; the entire crunluath, including its final short E, is part of that prior note. Applies to all theme notes except D and Low G, which use specific rows. Cross-reference: McGillivray 2026 Piobaireachd Practice Pack.",-bandre,bandre
crun_standard,crunluath,from_D,Standard crunluath from D,GBGeAfAe,d,,pipes,"G,B,G,e,A,f,A,e","1,1,1,1,1,1,1,1",,0,crunlb,"30,30,30,30,30,30,30,30",The D theme note is the prior note and carries the beat. B replaces the unavailable internal D gracenote; the final short E remains part of the embellishment. Cross-reference: McGillivray 2026 Piobaireachd Practice Pack.,-bandre,bandre
crun_standard,crunluath,from_LG,Standard crunluath from Low G,dAeAfAe,G,,pipes,"d,A,e,A,f,A,e","1,1,1,1,1,1,1",,0,hcrunllg,"30,30,30,30,30,30,30",The Low-G theme note is the prior note and carries the beat. Its first Low G is absorbed; the remaining movement has three Low As and includes the final short E. Cross-reference: McGillivray 2026 Piobaireachd Practice Pack.,-bamdre,bamdre
piob_hindodre,crunluath_fosgailte,A_form,Crunluath Fosgailte,hindodre,A,,pipes,"hin,do,dre","1,1,1",,1,hindodre,"30,30,30",The Low-A theme note is the prior note and carries the beat. The complete fosgailte movement is treated as part of that prior note; target_note and anchor are intentionally blank. Other theme-note forms require separate rows. Cross-reference: McGillivray 2026 Piobaireachd Practice Pack.,hindodre,hin-do-dre
piob_hiotrodre,crunluath_a_mach,B_form,Crunluath A Mach,hiotrodre,B,,pipes,"hi,tro,dre","1,1,1",,1,hiotrodre,"30,30,30",Crunluath-a-mach on B: B is the prior/theme note. The full movement is timed within that prior note; target_note and anchor are intentionally blank. Its internal rhythm is reversed relative to regular crunluath. Cross-reference: McGillivray 2026 Piobaireachd Practice Pack.,hiotrodre,hi-tro-dre
piob_hodrodre,crunluath_a_mach,C_form,Crunluath A Mach,hodrodre,c,,pipes,"ho,dro,dre","1,1,1",,0,hodrodre,"30,30,30",Crunluath-a-mach on C: C is the prior/theme note. The full movement is timed within that prior note; target_note and anchor are intentionally blank. Its internal rhythm is reversed relative to regular crunluath. Cross-reference: McGillivray 2026 Piobaireachd Practice Pack.,hodrodre,ho-dro-dre
piob_hiotradre,crunluath_a_mach,D_form,Crunluath A Mach,hiotradre,d,,pipes,"hi,tra,dre","1,1,1",,0,hiotradre,"30,30,30",Crunluath-a-mach on D: D is the prior/theme note. The full movement is timed within that prior note; target_note and anchor are intentionally blank. Its internal rhythm is reversed relative to regular crunluath. Cross-reference: McGillivray 2026 Piobaireachd Practice Pack.,hiotradre,hi-tra-dre
chedari_g,chedari,from_E,Chedari from E to High G,fegefe,e,g,pipes,"f,e,g,e,f,e","1,1,1,1,1,1",1,1,chedari,"30,30,30,30,30,30",Prior E is stored separately. The movement then sounds F–E–High G–E–F–E and resolves to target High G. This is the specifically attested E-to-High-G chedari context. Timing remains nominal pending source-specific transcription.,chedari; chehedari,che-da-ri / che-he-da-ri
chedari_g,chedari,from_F_ggrace,Chedari from G-graced F to High G,egefe,f,g,pipes,"e,g,e,f,e","1,1,1,1,1",1,0,chedari_f,"30,30,30,30,30","The preceding F, including its High-G gracenote, belongs to prior_note and is not duplicated in the embellishment. The stored movement is E–High G–E–F–E, resolving to target High G. McGillivray teaches this within the chedari exercise family; a distinct traditional canntaireachd form was not established, so P:Q remain blank.",,
chedari_g,chedari,from_HG_thumb,Chedari from thumb-graced High G,fegefe,g,g,pipes,"f,e,g,e,f,e","1,1,1,1,1,1",1,0,tchedari,"30,30,30,30,30,30","The High-A/thumb gracenote introducing the preceding High G belongs to prior_note and is not duplicated in the embellishment. The movement sounds F–E–High G–E–F–E and resolves to target High G. McGillivray teaches this within the chedari exercise family; a distinct traditional canntaireachd form was not established, so P:Q remain blank.",,
chedari_g,chedari,from_HA,Chedari from High A to High G,fegefe,a,g,pipes,"f,e,g,e,f,e","1,1,1,1,1,1",1,0,hachedari,"30,30,30,30,30,30","Prior High A is stored separately. The movement sounds F–E–High G–E–F–E and resolves to target High G. McGillivray teaches this within the chedari exercise family; a distinct traditional canntaireachd form was not established, so P:Q remain blank.",,
piob_chelalho,other_piobaireachd,standard,Chelalho,chelalho,*,d,pipes,"che,la,lho","1,1,1",1,1,chelalho,"30,30,30",Traditional piobaireachd movement.,chelalho,che-la-lho
